timestamp_ms,x0,y0,z0,x1,y1,z1,x2,y2,z2
5068,-15.30,-90.75,-26.14,-94.05,-81.45,-15.00,0.75,-82.50,-25.17
5711,-14.70,-90.60,-25.89,-93.60,-81.00,-15.97,1.05,-82.65,-25.17
6354,-15.15,-90.60,-25.89,-93.75,-81.00,-15.73,0.75,-82.65,-24.93
6997,-15.15,-91.05,-25.65,-93.60,-81.30,-15.97,0.75,-82.50,-25.17
7645,-14.85,-90.60,-26.14,-93.75,-81.30,-15.97,1.05,-82.65,-24.68
8288,-14.85,-91.20,-25.65,-93.60,-81.30,-15.73,1.05,-82.35,-24.44
8931,-15.15,-90.75,-25.65,-93.45,-81.15,-15.49,1.05,-82.50,-25.17
9574,-15.00,-90.90,-25.89,-93.75,-81.45,-15.97,0.90,-82.65,-24.93
10222,-15.00,-91.05,-25.65,-93.60,-81.00,-16.21,0.90,-82.65,-24.93
10865,-14.85,-90.45,-25.65,-93.45,-81.15,-15.25,0.75,-82.35,-24.20
11508,-14.85,-90.45,-25.65,-93.45,-81.00,-16.21,0.60,-82.50,-25.17
12151,-15.30,-90.75,-25.65,-93.45,-81.00,-15.73,0.90,-82.65,-24.68
12799,-14.85,-90.90,-25.89,-93.75,-81.30,-15.97,0.75,-82.80,-24.93
13442,-14.85,-91.05,-25.65,-94.05,-81.30,-15.49,0.60,-82.80,-25.17
14085,-15.15,-91.05,-26.14,-93.90,-81.75,-15.97,0.90,-82.35,-24.68
14728,-15.00,-90.60,-25.89,-93.75,-80.85,-15.97,1.20,-82.65,-24.93
15376,-15.30,-90.75,-25.65,-93.60,-81.30,-15.97,0.75,-82.65,-25.41
16019,-15.30,-90.60,-26.14,-93.75,-81.60,-16.21,1.05,-82.65,-25.65
16662,-15.15,-90.90,-25.41,-93.90,-81.30,-15.97,0.90,-83.25,-24.93
17305,-15.00,-90.45,-26.38,-93.60,-81.15,-15.49,0.75,-82.95,-24.93
17953,-15.00,-90.45,-25.65,-93.75,-81.15,-16.46,0.90,-82.65,-25.17
18596,-15.00,-90.90,-25.41,-93.75,-81.15,-15.25,0.90,-82.65,-24.68
19239,-15.15,-91.05,-26.14,-93.60,-81.30,-15.97,0.90,-82.50,-24.93
19882,-15.15,-90.75,-26.14,-93.60,-80.85,-15.97,0.90,-82.65,-25.65
20530,-15.30,-91.05,-25.41,-93.45,-81.00,-15.73,0.60,-82.65,-25.41
21173,-15.00,-90.75,-25.89,-93.15,-81.45,-15.97,0.75,-82.80,-24.44
21816,-15.15,-90.90,-25.41,-93.45,-81.30,-15.49,0.90,-82.80,-25.17
22459,-15.15,-90.75,-26.14,-93.75,-80.85,-16.21,0.45,-82.80,-24.68
23107,-15.30,-90.90,-25.65,-93.75,-80.55,-15.73,0.90,-82.95,-25.41
23750,-14.85,-91.05,-26.14,-93.60,-81.15,-15.73,0.45,-82.65,-25.17
24393,-15.60,-91.50,-18.39,-93.60,-81.00,-14.76,1.20,-83.25,-25.17
25036,-12.00,-90.00,-11.13,-93.15,-80.10,-14.04,1.20,-83.40,-24.68
25684,-11.10,-89.10,-10.16,-93.15,-80.25,-15.00,0.75,-82.95,-24.93
26327,-11.70,-90.60,-10.89,-93.45,-79.95,-14.28,0.90,-82.95,-24.93
26970,-11.55,-89.70,-10.89,-93.30,-80.55,-14.04,1.20,-83.40,-24.68
27613,-11.85,-89.85,-10.41,-93.15,-80.25,-14.76,0.90,-83.55,-25.17
28261,-11.10,-90.15,-10.41,-93.45,-80.10,-14.28,1.35,-83.25,-25.41
28904,-11.40,-89.25,-9.92,-93.75,-80.10,-14.76,0.90,-82.95,-25.41
29547,-11.40,-90.30,-10.65,-93.15,-80.55,-14.52,0.75,-83.10,-25.41
30190,-11.85,-89.70,-10.65,-93.30,-80.25,-14.52,1.05,-83.25,-25.41
30838,-11.10,-89.55,-10.16,-93.00,-80.10,-14.28,1.05,-82.95,-25.17
31481,-11.40,-89.70,-9.92,-93.30,-80.40,-14.52,0.90,-83.25,-25.41
32124,-11.40,-90.60,-10.65,-93.45,-80.10,-13.55,12.90,-148.50,-11.13
32767,-11.10,-90.30,-10.16,-93.15,-78.30,-14.04,8.40,-135.00,-23.72
33415,-11.40,-89.70,-9.44,-93.75,-78.60,-14.28,8.40,-135.00,-23.23
34058,-11.40,-90.30,-10.65,-93.75,-79.20,-13.79,8.25,-135.00,-23.47
34701,-12.60,-94.50,-25.65,-92.85,-69.15,-8.95,9.45,-135.30,-23.23
35344,-31.35,-81.75,-9.44,-87.45,-67.20,-9.92,9.00,-135.75,-22.02
35992,-31.05,-82.65,-9.92,-93.90,-67.05,-1.69,9.60,-137.25,-20.81
36635,-30.00,-81.75,-9.20,-93.00,-67.20,-1.94,9.75,-137.40,-20.81
37278,-31.35,-82.20,-7.99,-92.55,-68.25,-3.15,10.05,-138.15,-17.67
37921,-27.45,-83.25,-8.95,-99.30,-70.20,14.76,8.55,-139.05,-13.55
38569,-18.30,-104.85,-45.25,-92.70,-68.40,23.23,8.70,-138.75,-12.34
39212,-16.20,-108.45,-26.62,-92.55,-67.20,22.99,8.85,-138.75,-14.04
39855,-15.45,-109.65,-23.72,-93.15,-67.20,21.78,9.00,-138.45,-14.28
40498,-22.20,-100.05,-11.13,-93.30,-66.90,22.99,7.50,-136.95,-8.47
41146,-18.15,-105.45,-17.42,-92.10,-66.90,22.02,6.60,-137.85,-11.13
41789,-15.45,-108.15,-20.57,-92.70,-66.75,22.99,9.30,-141.45,-11.13
42432,-12.45,-111.30,-28.80,-90.90,-66.30,25.17,9.45,-142.20,-11.13
43075,-14.70,-108.15,-28.07,-91.95,-66.75,24.68,9.15,-142.20,-11.62
43723,-17.40,-107.40,-25.65,-91.95,-67.05,23.47,9.45,-142.20,-11.13
44366,-19.80,-104.25,-21.05,-88.05,-65.85,15.97,6.30,-136.50,-13.55
45009,-19.80,-104.10,-21.05,-88.35,-66.30,17.91,7.20,-136.65,-9.92
45652,-19.95,-104.10,-21.05,-88.50,-65.40,16.21,6.90,-135.60,-8.71
46300,-20.25,-103.05,-21.05,-88.35,-64.80,13.07,8.55,-133.20,-7.99
46943,-20.25,-102.45,-19.84,-87.90,-64.50,11.13,9.15,-132.60,-7.26
47586,-20.40,-102.60,-20.33,-88.35,-64.80,11.62,9.75,-132.75,-7.02
48229,-20.55,-102.30,-19.84,-88.50,-64.65,13.31,11.55,-136.50,-7.74
48877,-20.85,-102.30,-20.09,-89.40,-65.25,13.31,9.90,-132.60,-6.78
49520,-20.25,-102.00,-19.60,-88.35,-64.50,12.34,9.15,-132.60,-7.02
50163,-20.70,-101.85,-19.84,-88.50,-64.80,10.16,9.00,-131.55,-6.78
50806,-21.30,-101.85,-19.60,-88.80,-64.50,10.41,9.60,-133.20,-6.53
51454,-20.85,-101.70,-19.12,-88.95,-64.65,11.13,10.05,-133.95,-7.26
52097,-20.85,-101.40,-19.36,-89.10,-64.80,10.65,9.30,-133.05,-6.29
52740,-21.00,-101.55,-18.88,-88.50,-64.35,11.37,10.05,-133.35,-6.78
53383,-21.30,-100.95,-19.84,-88.95,-64.50,10.41,9.30,-133.95,-7.26
54031,-21.15,-101.40,-19.12,-89.10,-66.15,18.63,3.90,-112.20,-15.00
54674,-22.50,-99.15,-16.46,-88.95,-65.85,19.12,1.80,-122.40,-14.76
55317,-22.50,-99.45,-16.21,-89.10,-65.70,18.63,1.95,-121.50,-15.00
55960,-22.50,-99.45,-16.46,-88.80,-65.85,18.63,1.20,-121.20,-15.49
56608,-22.35,-99.45,-15.97,-88.95,-65.70,18.88,1.35,-121.35,-14.76
57251,-22.50,-99.45,-15.97,-88.80,-65.70,18.88,1.05,-121.20,-15.49
57894,-22.35,-99.75,-16.21,-89.10,-65.55,18.63,0.90,-121.50,-15.25
58537,-22.65,-99.15,-15.97,-88.80,-66.30,18.15,0.90,-121.65,-15.49
59185,-22.50,-99.60,-16.70,-88.80,-65.85,18.63,1.05,-121.65,-15.97
59828,-22.50,-99.60,-15.97,-88.65,-65.85,18.63,1.05,-121.65,-15.49
60471,-22.80,-99.30,-16.46,-89.10,-66.00,18.39,1.65,-121.65,-15.25
61114,-22.65,-99.45,-16.46,-89.10,-65.85,18.39,1.95,-122.25,-15.49
61762,-22.80,-99.45,-15.25,-88.80,-66.15,19.12,1.65,-122.10,-15.49
62405,-22.50,-99.30,-15.97,-88.80,-66.15,18.39,1.80,-121.80,-15.25
63048,-22.50,-99.30,-16.21,-88.80,-66.00,18.63,1.95,-121.80,-15.25
63691,-22.65,-99.30,-15.73,-88.80,-65.70,18.88,1.35,-121.65,-15.73
64339,-22.65,-99.15,-15.97,-88.95,-65.85,18.15,0.30,-120.75,-13.79
64982,-23.55,-97.50,-15.25,-89.10,-66.00,17.18,2.40,-121.50,-13.31
65625,-23.40,-97.95,-14.76,-88.50,-68.10,28.80,-6.60,-117.15,-27.10
66268,-25.50,-96.00,-5.81,-91.80,-69.60,30.01,-5.25,-117.75,-27.59
66916,-24.75,-96.45,-5.81,-91.50,-71.25,32.91,-4.80,-118.35,-28.80
67559,-25.20,-96.00,-6.53,-90.75,-70.65,32.43,-4.50,-118.20,-29.04
68202,-25.50,-96.60,-7.26,-90.75,-69.90,31.22,-5.40,-118.35,-26.86
68845,-25.20,-96.15,-6.53,-89.85,-68.70,30.98,-5.40,-117.75,-27.83
69493,-25.05,-96.00,-7.02,-90.30,-69.00,30.73,-5.40,-118.20,-27.10
70136,-24.75,-96.30,-6.53,-90.60,-69.45,30.98,-5.25,-118.50,-26.86
70779,-25.65,-96.30,-6.53,-90.90,-69.00,30.49,-5.40,-118.35,-26.62
71422,-24.90,-96.30,-6.29,-90.45,-69.75,30.49,-5.25,-118.65,-26.62
72070,-25.20,-96.15,-6.53,-90.60,-69.30,30.49,-5.25,-118.95,-27.10
72713,-25.05,-96.15,-7.02,-90.45,-68.55,30.01,-5.40,-118.65,-27.59
73356,-25.35,-96.15,-6.53,-90.30,-68.55,29.52,-5.85,-118.80,-27.10
73999,-25.65,-96.75,-7.74,-86.85,-61.35,35.57,-9.90,-113.70,-8.47
74647,-30.60,-85.80,-2.18,-89.40,-60.75,33.88,4.80,-115.95,-8.47
75290,-30.75,-85.65,-2.18,-89.55,-60.75,33.64,4.35,-116.10,-8.95
75933,-30.90,-85.80,-2.42,-89.40,-60.75,34.12,4.80,-115.65,-8.95
76576,-31.05,-85.05,-1.45,-89.40,-60.45,33.88,4.80,-115.65,-8.23
77224,-30.15,-84.75,-1.21,-89.85,-60.60,33.64,4.20,-115.35,-8.95
77867,-30.45,-84.60,-1.45,-89.70,-60.60,33.64,4.20,-115.50,-8.47
78510,-29.85,-84.90,-1.69,-89.40,-60.75,33.15,4.35,-115.20,-8.71
79153,-30.00,-84.90,-1.45,-89.70,-60.15,32.91,4.35,-115.05,-8.71
79801,-29.85,-84.30,-1.45,-89.40,-60.75,33.40,4.05,-115.35,-8.23
80444,-29.70,-84.75,-1.21,-89.85,-60.60,33.15,4.50,-115.35,-8.23
81087,-29.70,-84.75,-0.97,-89.70,-60.90,33.40,4.35,-115.05,-8.95
81730,-30.30,-84.75,-1.45,-89.55,-60.60,33.15,4.05,-115.05,-8.71
82378,-30.30,-84.90,-1.21,-89.70,-60.45,33.64,4.20,-115.20,-8.71
83021,-29.85,-85.05,-1.69,-89.70,-60.75,33.40,4.20,-115.05,-8.47
83664,-30.00,-84.45,-1.21,-89.85,-61.05,33.64,4.35,-115.35,-8.95
84307,-25.35,-58.80,-0.24,-89.55,-53.10,31.46,5.85,-115.65,-8.71
84955,-24.90,-58.50,1.21,-89.55,-53.70,30.25,5.10,-115.20,-7.74
85598,-27.30,-75.90,7.26,-89.85,-54.15,30.01,5.25,-115.35,-8.47
86241,-28.35,-76.35,7.02,-90.00,-54.60,30.01,5.40,-115.20,-7.74
86884,-28.65,-76.65,6.78,-89.85,-54.75,30.25,5.25,-115.35,-8.95
87532,-28.35,-76.20,7.26,-90.00,-54.45,29.77,5.10,-115.35,-8.23
88175,-28.50,-76.50,7.74,-89.85,-54.60,30.01,5.40,-115.65,-8.23
88818,-28.05,-77.10,7.74,-90.15,-54.75,30.25,5.40,-115.50,-8.47
89461,-29.25,-84.45,8.71,-89.55,-54.75,30.98,5.10,-115.65,-8.23
90109,-28.95,-83.85,8.23,-89.70,-54.60,30.73,5.40,-115.95,-8.47
90752,-28.80,-84.15,8.71,-90.15,-54.60,30.49,4.95,-115.65,-7.99
91395,-28.50,-83.40,8.23,-90.15,-54.60,30.25,5.25,-115.65,-8.23
92038,-28.95,-83.70,8.95,-90.45,-54.45,30.01,5.40,-115.20,-7.50
92686,-28.65,-83.85,8.71,-89.55,-54.75,29.77,5.40,-115.65,-7.99
93329,-28.50,-83.25,8.95,-90.00,-54.45,30.25,4.95,-115.50,-8.71
93972,-29.40,-81.45,-1.94,-90.45,-55.05,29.52,5.55,-116.10,-5.81
94615,-34.65,-77.85,-2.66,-83.85,-56.10,32.91,5.40,-115.95,-6.29
95263,-34.20,-78.00,-2.66,-82.80,-57.30,32.43,4.95,-115.95,-6.05
95906,-34.50,-78.15,-2.90,-83.10,-57.15,32.19,5.25,-116.10,-5.81
96549,-34.80,-78.45,-2.90,-83.70,-56.85,32.19,4.95,-115.50,-6.05
97192,-34.50,-78.00,-3.39,-84.60,-57.15,31.70,5.25,-115.80,-6.05
97840,-34.35,-78.15,-2.90,-84.30,-57.00,32.19,5.25,-115.65,-6.29
98483,-34.80,-77.85,-2.90,-83.25,-56.70,32.67,5.25,-115.95,-6.29
99126,-34.50,-78.15,-3.39,-84.15,-57.30,31.94,5.25,-115.65,-5.57
99769,-34.50,-78.00,-2.90,-84.30,-57.90,31.46,4.80,-116.10,-5.81
100417,-34.95,-78.00,-3.15,-84.90,-57.60,31.70,4.95,-115.95,-6.29
101060,-34.65,-78.15,-3.15,-85.05,-57.75,30.49,4.80,-115.95,-6.29
101703,-34.65,-77.70,-3.15,-85.05,-57.00,31.46,5.10,-115.80,-6.05
102346,-35.10,-77.55,-3.39,-84.45,-57.45,31.22,5.10,-115.50,-6.05
102994,-34.65,-77.70,-3.15,-84.45,-57.45,31.94,4.65,-115.80,-6.05
103637,-34.65,-77.55,-3.15,-85.95,-58.20,30.98,5.40,-115.65,-6.05
104280,-34.20,-77.55,-3.63,-90.60,-65.85,17.91,10.20,-95.40,-6.78
104923,-38.10,-73.20,-6.53,-83.85,-53.85,20.09,2.40,-89.85,-10.65
105571,-38.40,-72.75,-6.29,-83.10,-53.70,19.60,2.55,-90.60,-8.95
106214,-38.40,-72.45,-6.78,-84.45,-54.45,19.84,2.55,-94.20,-7.74
106857,-38.40,-72.45,-7.02,-84.60,-54.60,19.36,2.40,-95.70,-6.53
107500,-38.10,-72.45,-7.02,-85.05,-54.30,19.84,2.70,-95.40,-5.08
108148,-38.25,-72.60,-7.26,-85.35,-54.60,20.33,2.70,-95.25,-5.32
108791,-38.10,-72.30,-6.78,-85.50,-54.30,20.09,3.75,-93.45,-11.86
109434,-38.40,-72.75,-7.02,-84.90,-54.15,19.60,3.60,-95.25,-5.08
110077,-38.40,-72.45,-7.02,-85.95,-54.75,20.09,3.30,-94.80,-6.05
110725,-38.10,-72.30,-7.26,-85.05,-55.05,19.84,4.05,-95.25,-6.29
111368,-38.40,-72.15,-6.78,-84.75,-54.60,20.09,3.30,-94.65,-6.53
112011,-38.10,-72.60,-6.78,-85.20,-54.60,20.09,3.15,-94.35,-5.08
112654,-38.25,-72.30,-6.78,-85.50,-54.60,20.09,3.45,-95.70,-4.36
113302,-38.70,-72.30,-7.26,-85.80,-54.30,20.57,3.90,-95.70,-3.87
113945,-38.10,-72.45,-7.02,-84.90,-56.25,18.88,16.05,-100.80,-8.47
114588,-38.55,-72.45,-7.99,-84.45,-55.80,17.91,15.45,-103.65,-7.02
115231,-38.55,-72.15,-7.99,-84.60,-56.10,18.63,15.30,-104.10,-6.05
115879,-38.55,-72.15,-7.50,-84.30,-56.25,18.39,15.30,-103.80,-5.08
116522,-38.55,-72.45,-7.99,-84.45,-56.25,18.15,15.00,-103.80,-4.84
117165,-38.70,-72.15,-7.99,-84.15,-55.65,18.39,15.30,-103.50,-4.84
117808,-38.25,-72.30,-7.02,-84.00,-55.50,18.63,15.60,-103.50,-5.32
118456,-39.00,-72.45,-7.74,-84.60,-55.80,18.15,15.45,-103.80,-4.84
119099,-38.55,-72.45,-7.99,-84.15,-55.80,18.39,15.45,-103.95,-5.32
119742,-38.55,-72.45,-7.26,-84.45,-56.25,18.63,15.60,-103.65,-5.08
120385,-38.55,-72.45,-7.99,-84.30,-55.80,19.12,15.15,-103.50,-4.60
121033,-38.40,-72.30,-7.74,-84.30,-56.10,18.39,15.30,-103.65,-4.84
121676,-38.40,-72.15,-8.23,-84.15,-55.35,17.91,15.15,-103.80,-4.60
122319,-38.55,-72.60,-7.74,-84.00,-55.95,17.91,15.15,-103.35,-4.60
122962,-38.85,-71.70,-7.99,-84.00,-55.50,18.39,15.45,-103.80,-5.08
123610,-38.40,-72.45,-7.74,-84.45,-55.95,17.91,15.15,-103.50,-4.60
124253,-33.90,-68.25,-2.18,-84.45,-56.25,18.15,15.15,-103.65,-4.36
124896,-29.10,-66.45,2.66,-84.15,-56.25,18.63,15.15,-103.95,-4.84
125539,-29.10,-66.75,2.42,-84.75,-56.10,18.88,15.00,-103.65,-4.36
126187,-30.00,-67.95,2.18,-84.00,-55.95,18.39,15.60,-103.65,-4.60
126830,-30.30,-69.00,1.21,-84.30,-55.65,18.88,15.00,-103.65,-4.84
127473,-30.45,-69.15,0.48,-84.45,-56.10,18.39,15.30,-103.65,-4.60
128116,-30.15,-68.25,0.24,-84.30,-56.10,18.63,15.00,-103.65,-3.87
128764,-30.15,-69.15,1.21,-84.45,-56.10,18.88,15.30,-103.20,-4.11
129407,-30.60,-69.30,0.48,-84.45,-56.55,18.39,15.00,-103.50,-4.11
130050,-30.30,-68.40,0.97,-84.00,-56.10,18.39,15.15,-103.35,-4.36
130693,-30.30,-69.15,0.73,-83.70,-55.65,18.63,15.45,-103.95,-4.36
131341,-30.15,-69.00,0.73,-84.00,-56.40,18.88,15.15,-103.95,-4.11
131984,-30.15,-68.55,0.97,-84.15,-56.10,19.12,15.15,-103.65,-4.60
132627,-30.15,-68.70,1.94,-84.30,-56.10,18.39,15.30,-103.80,-4.11
133270,-30.00,-68.85,1.45,-84.00,-56.10,18.88,15.45,-103.50,-4.36
133918,-30.30,-69.00,-15.73,-84.60,-56.25,18.15,14.85,-104.10,-4.11
134561,-15.45,-83.55,-21.30,-84.15,-55.50,19.60,14.70,-101.55,-2.90
135204,-13.95,-83.55,-23.72,-77.55,-49.65,31.22,14.85,-102.60,-3.39
135847,-11.55,-77.25,-22.02,-77.55,-49.50,31.94,14.70,-102.45,-3.39
136495,-13.35,-73.65,-21.05,-77.10,-49.95,31.70,14.55,-102.75,-3.63
137138,-13.50,-73.65,-21.30,-78.00,-51.00,30.25,14.85,-102.75,-2.90
137781,-13.65,-73.35,-21.54,-78.90,-51.00,30.01,14.40,-102.75,-3.39
138424,-13.95,-74.25,-21.78,-79.50,-49.95,29.77,14.55,-102.90,-3.39
139072,-15.00,-74.70,-21.78,-79.80,-50.55,29.52,15.15,-102.45,-3.39
139715,-14.85,-74.70,-21.78,-79.65,-50.10,29.77,14.85,-102.60,-3.63
140358,-15.30,-74.55,-22.26,-79.05,-50.10,29.77,15.00,-102.45,-3.15
141001,-14.40,-73.95,-22.75,-78.75,-49.50,30.49,14.70,-102.75,-3.39
141649,-13.35,-75.00,-24.44,-78.30,-49.50,30.49,14.70,-102.60,-2.90
142292,-13.05,-75.15,-25.41,-79.05,-50.25,30.01,14.55,-102.45,-3.15
142935,-13.35,-75.15,-25.65,-79.65,-50.85,29.52,14.25,-102.75,-3.63
143578,-13.95,-76.20,-26.14,-79.65,-49.95,29.28,14.55,-102.15,-3.15
144226,-17.55,-77.10,-27.10,-76.80,-51.00,30.73,14.70,-102.60,-3.87
144869,-17.55,-76.95,-27.83,-76.65,-51.60,30.01,14.85,-102.45,-3.15
145512,-17.55,-76.20,-29.04,-82.80,-67.50,37.75,13.50,-103.80,-6.05
146155,-21.75,-75.60,-28.31,-88.35,-67.95,37.27,1.50,-100.80,-2.42
146803,-21.60,-75.75,-28.56,-88.50,-68.10,37.03,2.70,-102.30,-2.42
147446,-22.20,-75.90,-28.56,-88.95,-67.80,37.27,2.85,-103.50,-3.39
148089,-21.90,-75.45,-28.31,-88.65,-68.25,36.54,3.60,-104.10,-2.90
148732,-21.90,-75.90,-28.80,-89.10,-67.65,37.03,3.60,-104.55,-3.39
149380,-22.05,-75.90,-28.56,-88.80,-67.95,37.27,3.60,-104.25,-2.90
150023,-21.75,-75.30,-28.56,-88.80,-68.25,37.51,3.60,-104.10,-2.18
150666,-22.20,-75.75,-29.28,-88.65,-68.55,37.51,3.30,-103.95,-2.18
151309,-22.35,-75.30,-28.80,-88.95,-67.50,36.78,3.30,-103.65,-2.18
151957,-22.35,-75.45,-28.80,-89.10,-67.65,37.03,3.15,-104.10,-2.42
152600,-21.90,-75.30,-28.07,-89.25,-67.35,37.27,3.45,-104.40,-1.94
153243,-22.20,-75.30,-28.07,-89.40,-67.65,37.03,3.45,-104.55,-2.42
153886,-22.05,-75.45,-28.56,-88.95,-68.10,37.27,0.90,-107.40,-28.31
154534,-24.30,-73.95,-30.25,-91.35,-65.85,26.86,4.35,-112.95,-13.79
155177,-16.95,-69.45,-23.96,-97.20,-60.60,35.09,0.00,-102.15,-14.52
155820,-32.25,-75.60,-34.36,-89.85,-47.85,35.57,6.60,-96.90,-14.04
156463,-35.70,-67.95,-45.25,-92.10,-58.80,31.70,-1.65,-100.80,-20.81
157111,-26.10,-64.80,-32.91,-97.20,-59.55,31.94,-11.25,-98.55,-22.75
157754,-4.50,-80.55,-34.12,-92.70,-54.15,22.26,6.90,-110.25,3.39
158397,-15.75,-85.65,-11.86,-85.65,-66.00,60.26,6.30,-102.90,5.08
159040,-17.10,-96.90,3.39,-86.40,-64.50,61.23,9.15,-105.45,4.36
159688,-16.80,-97.65,2.18,-86.85,-64.50,60.98,7.35,-102.90,5.08
160331,-16.95,-98.40,3.63,-85.95,-64.95,61.71,6.90,-102.45,5.57
160974,-16.65,-97.80,3.87,-85.80,-64.95,61.47,6.15,-100.65,5.08
161617,-17.25,-96.15,3.87,-86.10,-65.70,62.68,4.95,-100.20,5.81
162265,-16.80,-96.90,4.84,-85.80,-65.55,62.68,5.25,-98.85,6.05
162908,-16.50,-96.90,3.87,-86.25,-66.00,62.68,4.80,-98.10,6.05
163551,-16.95,-97.20,3.63,-86.40,-66.30,62.92,2.55,-95.25,4.11
164194,-16.05,-98.25,3.15,-85.95,-65.40,57.35,11.55,-96.00,5.57
164842,-20.25,-91.65,-11.62,-87.60,-55.95,49.37,11.70,-94.65,3.87
165485,-23.10,-92.25,-11.86,-87.45,-55.95,48.88,11.40,-94.80,4.11
166128,-22.65,-91.65,-11.86,-87.60,-56.10,49.61,11.40,-94.80,4.11
166771,-22.80,-91.80,-12.10,-87.15,-56.10,49.37,11.40,-95.25,3.87
167419,-22.95,-91.65,-12.10,-87.45,-56.10,49.13,11.40,-94.95,3.87
168062,-22.95,-91.65,-12.10,-87.60,-56.25,48.64,11.40,-94.80,3.87
168705,-23.10,-92.10,-11.62,-87.45,-55.95,48.64,11.55,-95.40,4.36
169348,-23.10,-91.35,-12.10,-87.75,-56.10,48.16,11.70,-94.95,3.87
169996,-22.95,-91.80,-11.86,-87.90,-55.80,48.40,11.70,-95.40,4.11
170639,-22.95,-91.80,-11.86,-87.75,-56.40,48.40,12.00,-95.40,3.63
171282,-23.40,-91.65,-12.10,-87.90,-56.55,48.16,11.85,-95.10,2.90
171925,-23.10,-91.65,-11.86,-88.05,-56.40,48.64,12.00,-95.40,3.63
172573,-23.10,-91.20,-12.58,-87.90,-56.40,48.64,11.85,-95.55,2.90
173216,-23.10,-91.80,-12.10,-87.75,-56.70,47.67,11.70,-95.85,3.63
173859,-23.10,-92.40,-9.44,-90.60,-61.05,53.00,8.25,-99.30,6.29
174502,-18.60,-91.05,-6.29,-91.95,-62.55,54.69,10.65,-101.55,7.74
175150,-18.45,-91.65,-7.02,-91.80,-62.40,53.97,10.65,-101.85,7.26
175793,-18.00,-91.50,-7.02,-91.80,-62.55,54.21,10.05,-101.55,8.47
176436,-18.30,-91.95,-7.99,-91.95,-62.10,53.97,10.35,-102.75,6.29
177079,-18.45,-91.80,-7.50,-92.10,-61.50,53.24,10.65,-103.65,6.53
177727,-18.60,-91.65,-7.02,-91.95,-61.50,53.48,10.50,-103.95,6.05
178370,-18.15,-91.50,-6.78,-92.10,-61.65,53.48,11.25,-103.80,6.29
179013,-18.15,-91.65,-7.26,-91.95,-62.10,53.97,10.95,-103.95,6.05
179656,-18.60,-91.50,-7.99,-92.25,-62.10,53.72,10.80,-103.80,6.53
180304,-18.30,-91.65,-7.50,-92.25,-62.10,53.24,10.80,-104.40,6.29
180947,-18.60,-91.80,-7.50,-92.40,-62.10,53.97,10.65,-104.55,7.02
181590,-18.45,-91.50,-7.26,-92.40,-62.10,53.72,10.50,-104.10,6.29
182233,-18.15,-91.80,-7.02,-91.95,-62.40,54.21,10.50,-104.10,5.08
182881,-18.75,-91.35,-6.78,-92.10,-61.80,53.97,10.20,-104.40,6.05
183524,-18.15,-91.95,-7.26,-92.55,-61.65,54.69,10.50,-104.55,5.81
184167,-18.60,-91.95,-7.74,-92.55,-60.60,52.27,10.50,-94.50,-12.34
184810,-31.65,-77.25,-17.18,-92.10,-47.40,22.99,13.20,-88.95,-13.79
185458,-32.40,-77.10,-17.18,-91.95,-48.00,22.75,13.05,-88.80,-13.31
186101,-32.40,-76.65,-16.94,-92.25,-47.70,22.02,13.20,-88.95,-13.31
186744,-31.80,-76.65,-16.46,-92.40,-47.55,22.26,13.05,-89.25,-14.76
187387,-31.95,-76.20,-16.70,-92.10,-47.85,22.75,13.20,-88.80,-13.55
188035,-31.95,-76.20,-15.73,-92.40,-48.00,22.26,13.65,-88.80,-14.04
188678,-31.80,-75.90,-15.49,-91.80,-47.70,22.26,13.50,-88.95,-14.28
189321,-32.25,-76.05,-15.97,-92.55,-47.55,22.75,13.35,-88.80,-14.04
189964,-31.95,-76.05,-15.97,-92.25,-47.55,22.26,13.65,-88.80,-14.04
190612,-31.95,-75.75,-15.49,-92.40,-47.10,22.99,13.50,-88.35,-14.04
191255,-31.50,-75.75,-15.49,-91.95,-47.25,22.99,13.35,-88.50,-13.55
191898,-31.50,-76.05,-15.49,-91.80,-47.85,22.26,13.50,-88.50,-13.31
192541,-31.80,-76.05,-15.49,-92.25,-47.40,22.99,13.50,-88.35,-14.28
193189,-31.80,-75.90,-15.73,-92.55,-47.55,22.75,13.65,-88.20,-13.79
193832,-31.35,-75.75,-15.49,-92.25,-47.55,22.51,13.35,-88.50,-13.79
194475,-31.80,-76.05,-15.49,-91.80,-47.55,22.75,13.50,-88.50,-22.51
195118,-29.10,-72.60,-12.10,-94.35,-48.45,33.15,9.45,-88.95,-14.28
195766,-28.65,-74.25,-14.04,-94.20,-48.30,26.38,9.00,-90.15,-15.73
196409,-27.90,-74.55,-16.21,-94.50,-48.45,25.41,10.05,-90.45,-15.73
197052,-28.05,-73.80,-15.97,-94.35,-49.20,25.17,9.45,-91.05,-15.97
197695,-28.05,-73.95,-15.73,-95.40,-49.50,22.51,8.10,-90.15,-18.39
198343,-28.20,-73.80,-15.00,-96.30,-51.75,15.00,8.55,-89.85,-19.36
198986,-28.35,-73.95,-16.70,-96.00,-51.90,10.89,9.45,-90.60,-18.15
199629,-28.65,-74.40,-16.94,-96.15,-51.30,10.89,9.30,-90.15,-16.70
200272,-28.20,-74.10,-16.21,-97.05,-53.85,11.37,9.45,-90.45,-17.18
200920,-28.05,-73.80,-15.73,-97.50,-53.40,11.62,9.45,-90.00,-17.18
201563,-27.45,-73.95,-15.25,-96.60,-53.10,11.13,9.90,-90.00,-15.00
202206,-27.75,-73.80,-15.25,-95.40,-52.35,10.89,9.90,-90.30,-15.73
202849,-26.25,-72.75,-19.84,-97.35,-53.10,11.37,9.75,-90.30,-15.97
203497,-26.10,-72.15,-20.09,-96.30,-51.60,10.16,10.05,-89.25,-15.49
204140,-26.10,-72.45,-20.09,-96.00,-50.55,7.74,-4.80,-94.35,-15.73
204783,-34.50,-74.55,-34.85,-88.20,-55.35,3.15,10.65,-86.10,-16.46
205426,-35.40,-74.85,-34.85,-88.50,-55.50,3.39,10.65,-86.10,-15.73
206074,-34.80,-74.70,-35.09,-88.50,-55.35,2.90,10.65,-85.80,-15.97
206717,-35.25,-74.25,-35.33,-88.20,-55.35,3.39,10.80,-85.20,-15.73
207360,-34.80,-73.65,-35.57,-88.05,-54.75,2.90,10.50,-85.35,-16.21
208003,-34.95,-74.40,-34.61,-88.35,-55.35,2.66,10.20,-85.50,-16.46
208651,-34.65,-73.50,-34.36,-88.20,-55.35,3.15,10.95,-85.35,-16.46
209294,-34.50,-73.65,-34.85,-88.05,-55.20,3.15,10.95,-85.65,-16.70
209937,-35.25,-73.95,-34.61,-88.05,-54.60,3.39,10.95,-85.50,-16.21
210580,-34.65,-73.50,-34.36,-88.35,-55.20,2.90,10.80,-86.10,-16.70
211228,-34.95,-73.65,-34.85,-88.35,-55.05,3.15,10.35,-85.35,-16.21
211871,-34.65,-73.65,-34.61,-88.50,-55.05,2.90,10.80,-85.05,-16.46
212514,-34.65,-73.65,-34.61,-88.35,-55.05,3.15,10.50,-85.50,-15.97
213157,-35.25,-74.55,-34.85,-88.35,-56.85,1.45,11.10,-85.65,-16.46
213805,-35.70,-73.80,-34.36,-88.35,-56.55,1.21,10.50,-85.80,-15.97
214448,-32.10,-72.30,-21.54,-88.65,-57.00,-0.48,11.10,-85.95,-15.49
215091,-30.00,-69.60,-21.54,-88.05,-57.75,0.48,11.55,-86.25,-15.00
215734,-30.75,-74.55,-23.47,-88.20,-57.30,0.48,11.70,-86.40,-14.76
216382,-31.20,-73.65,-21.78,-88.35,-57.90,0.48,11.55,-86.40,-15.49
217025,-30.90,-76.50,-22.75,-88.50,-57.75,0.48,12.00,-85.95,-14.76
217668,-32.25,-74.85,-22.99,-88.35,-57.30,0.00,11.55,-86.40,-15.00
218311,-31.65,-75.60,-22.75,-88.05,-57.60,0.24,11.55,-86.25,-14.76
218959,-32.85,-76.80,-25.65,-88.05,-57.90,0.73,11.40,-85.80,-15.00
219602,-33.15,-76.65,-24.44,-88.05,-57.30,0.00,10.95,-85.95,-15.25
220245,-33.15,-77.55,-25.17,-88.20,-57.45,0.00,11.85,-86.10,-15.00
220888,-32.55,-77.55,-25.65,-87.90,-57.45,-0.24,11.40,-86.10,-15.25
221536,-33.15,-76.50,-25.17,-88.20,-57.45,0.24,11.40,-86.55,-14.76
222179,-32.70,-78.00,-24.93,-88.35,-57.90,-0.24,11.70,-86.25,-15.00
222822,-31.50,-75.45,-22.02,-88.20,-57.45,-0.24,11.40,-86.55,-14.52
223465,-31.50,-76.05,-22.99,-88.20,-57.30,-0.24,11.70,-86.40,-14.52
224113,-33.15,-77.55,-27.35,-86.85,-60.30,-4.60,13.80,-87.30,-12.83
224756,-30.75,-71.70,-30.73,-95.85,-46.80,28.56,12.90,-87.60,-13.31
225399,-31.65,-75.75,-17.91,-84.90,-50.70,70.91,13.50,-87.45,-13.31
226042,-31.65,-75.45,-17.67,-84.90,-49.65,71.63,13.50,-87.75,-13.55
226690,-31.50,-75.75,-17.42,-84.75,-48.90,71.15,13.05,-87.90,-13.55
227333,-31.80,-75.45,-17.67,-84.45,-48.60,71.87,13.50,-87.60,-12.83
227976,-31.65,-75.45,-18.88,-84.75,-48.60,71.63,13.20,-88.05,-12.83
228619,-32.40,-73.80,-22.26,-85.05,-48.60,71.63,13.50,-87.60,-13.31
229267,-32.40,-73.95,-21.54,-84.30,-48.90,71.15,13.50,-87.60,-13.31
229910,-32.10,-75.00,-21.54,-84.75,-49.20,71.39,13.05,-88.35,-13.07
230553,-32.25,-74.55,-21.54,-84.15,-49.35,71.15,13.35,-87.60,-13.07
231196,-32.25,-74.40,-21.30,-84.00,-49.05,70.66,12.90,-88.05,-13.07
231844,-31.80,-74.55,-21.54,-84.60,-49.20,70.91,12.90,-87.75,-13.79
232487,-32.55,-74.55,-22.02,-83.85,-49.20,71.87,13.50,-87.60,-13.07
233130,-32.85,-74.70,-21.54,-84.30,-48.90,71.39,13.20,-87.90,-13.31
233773,-32.40,-74.85,-22.26,-84.30,-48.60,71.63,13.20,-87.90,-13.07
234421,-32.40,-74.70,-21.54,-84.30,-50.55,69.70,13.05,-87.75,-13.79
235064,-32.40,-74.85,-22.99,-85.35,-47.55,50.82,19.05,-76.95,-11.86
235707,-32.55,-74.40,-22.75,-85.20,-47.40,50.34,27.60,-71.25,-13.55
236350,-32.10,-74.55,-22.51,-85.95,-46.95,49.85,27.15,-71.85,-14.28
236998,-32.25,-73.95,-22.75,-86.10,-46.65,48.64,26.70,-71.85,-14.76
237641,-32.25,-74.40,-22.99,-87.15,-46.80,45.01,26.10,-71.85,-13.79
238284,-32.85,-74.25,-22.99,-87.60,-47.40,44.29,26.40,-72.45,-15.25
238927,-32.40,-74.10,-22.99,-87.90,-47.10,45.50,26.25,-70.95,-13.79
239575,-32.40,-74.25,-22.75,-87.75,-46.65,45.25,25.20,-70.50,-14.52
240218,-32.40,-74.25,-22.51,-87.90,-46.80,45.01,25.50,-70.65,-13.79
240861,-32.10,-74.40,-22.51,-87.75,-47.25,44.53,25.95,-71.25,-13.55
241504,-32.70,-74.55,-22.99,-87.45,-48.00,46.71,25.95,-72.15,-14.28
242152,-32.40,-74.70,-23.23,-87.75,-47.40,46.22,25.50,-71.70,-14.28
242795,-32.55,-74.55,-22.51,-87.60,-47.40,45.74,26.55,-73.65,-14.28
243438,-32.70,-74.55,-23.47,-88.35,-47.25,45.01,25.65,-72.30,-15.00
244081,-32.55,-73.95,-22.99,-87.75,-48.00,45.74,12.90,-69.45,-22.26
244729,-32.40,-74.70,-22.51,-87.00,-46.95,44.29,24.15,-81.90,-8.95
245372,-32.55,-74.70,-22.99,-87.00,-47.85,43.32,22.20,-82.20,-5.81
246015,-32.55,-74.55,-22.75,-87.90,-47.40,42.59,11.40,-81.90,-5.81
246658,-32.55,-74.55,-22.99,-88.50,-48.45,41.62,18.45,-83.55,-3.63
247306,-32.40,-74.55,-23.47,-88.20,-48.30,41.38,18.75,-83.85,-2.90
247949,-32.55,-74.55,-22.51,-88.35,-48.30,41.87,18.75,-84.75,-2.42
248592,-32.40,-74.70,-22.99,-88.35,-48.15,42.35,19.05,-84.60,-2.66
249235,-32.25,-74.55,-22.51,-88.35,-48.45,41.87,19.05,-84.60,-2.66
249883,-32.55,-74.55,-22.75,-88.50,-48.15,41.62,19.35,-84.45,-2.90
250526,-32.10,-74.70,-23.47,-88.20,-48.60,41.62,19.50,-84.30,-2.90
251169,-32.55,-74.55,-23.23,-88.05,-48.45,41.87,19.20,-84.60,-2.66
251812,-32.70,-74.70,-22.99,-88.50,-48.15,42.11,19.20,-84.45,-2.42
252460,-32.70,-74.40,-23.23,-88.05,-48.45,41.87,19.05,-84.30,-2.42
253103,-32.85,-74.55,-23.47,-88.50,-48.45,41.87,19.35,-84.60,-2.42
253746,-32.85,-74.40,-23.23,-88.20,-48.15,41.87,19.20,-84.15,-2.42
254389,-32.40,-74.40,-23.47,-88.20,-48.75,42.11,19.05,-84.15,-1.94
255037,-32.25,-74.25,-22.99,-88.50,-48.15,41.62,19.35,-84.60,-2.18
255680,-32.55,-76.20,-17.67,-87.15,-51.30,45.25,18.75,-87.45,-4.36
256323,-22.80,-62.40,-7.26,-96.00,-54.75,49.37,11.55,-85.80,-4.11
256966,-27.75,-68.40,-8.95,-94.35,-55.20,49.13,11.85,-88.05,-9.92
257614,-28.05,-74.10,-5.08,-83.70,-50.10,50.09,8.40,-85.20,-12.10
258257,-29.70,-76.65,-9.68,-86.55,-50.55,44.53,10.20,-83.25,-13.31
258900,-6.60,-56.25,-21.54,-79.65,-46.65,57.60,16.80,-84.90,-8.71
259543,-15.60,-75.75,4.60,-83.70,-49.05,53.72,17.70,-85.05,-6.78
260191,-15.90,-78.75,3.39,-83.70,-48.90,53.97,18.30,-84.60,-5.81
260834,-14.55,-78.00,3.63,-83.55,-48.90,54.21,18.45,-85.05,-5.81
261477,-14.40,-78.60,4.11,-83.40,-48.90,53.48,18.30,-85.05,-5.08
262120,-14.10,-78.90,4.36,-83.55,-48.90,53.72,18.30,-85.50,-4.84
262768,-14.25,-78.90,4.84,-83.85,-48.90,53.72,18.45,-85.20,-4.60
263411,-13.95,-78.60,5.08,-83.40,-49.20,53.97,18.45,-85.05,-4.60
264054,-19.35,-75.60,0.00,-84.15,-49.35,54.21,18.60,-84.90,-3.63
264697,-20.10,-76.20,0.24,-84.90,-48.75,59.29,18.60,-85.05,-3.63
265345,-19.95,-76.20,0.73,-86.85,-50.55,60.50,18.45,-85.20,-3.39
265988,-20.25,-75.90,0.00,-86.70,-50.40,60.26,18.75,-85.05,-3.87
266631,-20.25,-75.60,0.73,-86.85,-50.40,61.47,19.20,-84.60,-3.63
267274,-21.00,-75.60,0.00,-87.00,-50.55,60.98,18.60,-85.05,-3.87
267922,-20.55,-75.45,-0.24,-86.85,-50.70,60.74,18.90,-85.20,-3.87
268565,-21.00,-74.85,-0.48,-86.85,-50.25,60.50,18.60,-84.75,-3.15
269208,-19.95,-75.45,0.48,-86.85,-50.40,60.98,18.75,-85.20,-3.63
269851,-20.25,-75.45,-0.24,-85.50,-49.80,60.98,18.75,-85.20,-3.39
270499,-19.35,-74.70,0.48,-79.65,-47.40,67.03,18.45,-84.75,-3.39
271142,-19.05,-75.00,0.48,-78.45,-46.50,66.55,18.90,-82.20,-6.05
271785,-18.90,-75.15,0.48,-64.20,-39.90,70.91,18.30,-81.90,-6.78
272428,-18.60,-75.00,0.00,-64.80,-40.20,71.15,18.30,-82.35,-6.29
273076,-18.90,-74.40,0.24,-66.75,-42.00,71.87,18.00,-82.20,-6.53
273719,-18.90,-75.00,0.48,-63.60,-46.50,54.69,18.90,-83.55,-4.36
274362,-19.65,-70.20,-2.42,-77.85,-42.75,42.35,34.65,-97.35,29.04
275005,-21.45,-67.50,-2.42,-84.45,-47.25,52.51,26.55,-94.80,30.49
275653,-21.15,-68.10,-2.18,-85.20,-49.20,50.82,10.65,-108.15,3.87
276296,-21.60,-70.50,-1.45,-86.10,-57.45,52.76,10.35,-108.30,4.11
276939,-21.45,-70.05,-1.45,-86.10,-57.60,52.27,9.90,-109.35,4.60
277582,-21.45,-70.50,-1.94,-86.25,-57.60,52.76,10.20,-109.80,4.60
278230,-21.60,-70.20,-1.21,-86.25,-57.75,52.51,11.40,-108.75,9.20
278873,-21.30,-70.05,-1.69,-86.70,-57.00,51.79,12.00,-108.90,9.68
279516,-21.15,-70.50,-1.94,-86.85,-57.00,52.03,12.00,-108.75,9.92
280159,-21.45,-70.65,-1.21,-86.70,-57.15,52.03,12.30,-108.60,9.92
280807,-21.45,-70.05,-1.45,-87.00,-57.15,51.55,11.85,-108.75,10.16
281450,-21.30,-70.35,-1.69,-86.55,-56.85,51.55,11.85,-108.90,9.92
282093,-21.90,-70.05,-1.45,-87.00,-56.85,52.03,12.00,-108.45,11.13
282736,-21.90,-70.20,-1.45,-87.00,-57.30,51.79,12.15,-109.20,10.65
283384,-21.60,-70.65,-1.94,-87.15,-56.85,52.27,12.15,-108.60,10.41
284027,-21.60,-70.65,-1.21,-87.00,-56.70,49.85,30.00,-107.55,12.10
284670,-22.20,-69.75,-1.69,-84.45,-53.40,48.88,23.25,-108.60,13.07
285313,-22.05,-69.75,-2.42,-84.60,-53.40,48.64,23.40,-108.30,13.79
285961,-21.75,-69.45,-1.45,-84.60,-52.95,48.88,23.25,-108.15,12.83
286604,-22.20,-69.45,-1.94,-84.45,-54.15,48.40,23.25,-108.75,12.83
287247,-22.20,-69.75,-1.94,-84.45,-53.70,48.88,23.10,-108.75,13.31
287890,-22.05,-69.45,-2.18,-84.30,-53.40,48.88,23.40,-108.60,13.55
288538,-21.45,-69.90,-2.18,-84.60,-53.40,49.13,23.40,-108.30,13.55
289181,-22.20,-69.60,-1.94,-84.30,-53.25,49.13,23.70,-108.60,13.07
289824,-22.05,-69.30,-1.69,-84.45,-53.85,49.37,23.40,-108.60,13.31
290467,-21.75,-69.90,-1.94,-85.05,-53.85,48.40,22.95,-108.45,13.07
291115,-22.50,-69.90,-2.18,-84.00,-53.70,48.40,23.10,-108.45,13.31
291758,-22.05,-69.75,-1.69,-84.75,-53.25,49.13,23.40,-108.30,12.83
292401,-22.05,-69.90,-2.18,-84.45,-53.40,49.13,23.40,-108.45,12.83
293044,-22.05,-69.45,-1.69,-84.45,-53.25,48.40,23.40,-108.45,13.07
293692,-22.05,-69.90,-1.69,-84.45,-53.70,48.88,23.10,-108.45,13.55
294335,-21.90,-69.75,-1.94,-84.30,-53.40,48.40,23.10,-108.60,13.31
294978,-21.60,-69.60,-1.94,-84.45,-53.70,49.13,23.40,-108.45,13.31
295621,-21.75,-69.75,-1.94,-84.60,-53.55,49.13,23.25,-108.00,13.31
296269,-22.20,-69.60,-1.94,-84.60,-53.70,49.13,23.25,-108.30,13.31
296912,-21.15,-69.00,-2.42,-84.30,-53.40,49.61,23.55,-108.75,13.31
297555,-21.60,-69.15,-1.94,-84.30,-53.40,49.61,23.40,-108.30,13.31
298198,-21.15,-69.30,-1.94,-84.00,-53.55,49.37,23.10,-108.30,13.07
298846,-21.00,-69.15,-1.69,-84.30,-53.85,49.37,23.25,-108.30,12.83
299489,-21.45,-69.15,-1.69,-84.60,-53.85,49.85,23.25,-108.45,13.31
300132,-21.45,-69.30,-1.94,-84.45,-53.10,49.37,23.10,-108.60,13.55
300775,-21.00,-69.15,-1.69,-84.60,-53.40,49.13,23.25,-108.60,13.55
301423,-21.45,-69.45,-1.45,-84.15,-53.40,48.88,23.70,-108.00,13.55
302066,-21.30,-69.45,-1.94,-84.45,-53.55,49.61,23.25,-108.45,13.55
302709,-21.30,-69.15,-1.94,-84.45,-53.25,49.37,23.10,-108.30,13.31
303352,-21.15,-69.45,-2.18,-84.45,-53.25,49.13,23.25,-108.45,13.07
